[{"__type__":"cc.SpriteFrame","content":{"name":"未标题-1_19","texture":"acEWc0cn1ONYEIHfzd/JrI","rect":[0,0,147,88],"offset":[0,0],"originalSize":[147,88],"capInsets":[0,0,0,0]}},{"__type__":"cc.SpriteFrame","content":{"name":"未标题-1_18","texture":"b3fP4fkWZIUaxNP8gIBtYn","rect":[0,0,147,90],"offset":[0,0],"originalSize":[147,90],"capInsets":[0,0,0,0]}},{"__type__":"cc.SpriteFrame","content":{"name":"未标题-1_03","texture":"0bY4bz0S5BhKD92jNHtYux","rect":[0,0,1203,493],"offset":[0,0],"originalSize":[1203,493],"capInsets":[0,0,0,0]}},{"__type__":"cc.SpriteFrame","content":{"name":"标题","texture":"86NoCLeIhFlqqUUY2ISmno","rect":[0,0,265,136],"offset":[0,0],"originalSize":[265,136],"capInsets":[0,0,0,0]}},[{"__type__":"cc.SceneAsset","_name":"MainScene","scene":{"__id__":1},"asyncLoadAssets":null},{"__type__":"cc.Scene","_name":"New Node","_children":[{"__id__":2}],"_anchorPoint":{"__type__":"cc.Vec2"},"_trs":{"__type__":"TypedArray","ctor":"Float64Array","array":[0,0,0,0,0,0,1,1,1,1]},"autoReleaseAssets":false},{"__type__":"cc.Node","_name":"Canvas","_parent":{"__id__":1},"_children":[{"__id__":3},{"__id__":4},{"__id__":5},{"__id__":6},{"__id__":11}],"_components":[{"__type__":"cc.Canvas","node":{"__id__":2},"_designResolution":{"__type__":"cc.Size","width":1080,"height":1920},"_fitWidth":true},{"__type__":"cc.Widget","node":{"__id__":2},"_alignFlags":45},{"__type__":"015302aR1tPt4YlpuCDIGC4","node":{"__id__":2},"StartButton":{"__id__":9},"ScoreButton":{"__id__":8},"MoreButton":{"__id__":7},"Background":[{"__id__":4},{"__id__":5}],"MenuPanel":{"__id__":6},"LoadingLabel":{"__id__":12}}],"_contentSize":{"__type__":"cc.Size","width":1080,"height":1920},"_trs":{"__type__":"TypedArray","ctor":"Float64Array","array":[540,960,0,0,0,0,1,1,1,1]},"_id":"8fhiAxpKBBepJJTha+k5VB"},{"__type__":"cc.Node","_name":"Main Camera","_parent":{"__id__":2},"_components":[{"__type__":"cc.Camera","node":{"__id__":3},"_clearFlags":7,"_depth":-1}],"_trs":{"__type__":"TypedArray","ctor":"Float64Array","array":[0,0,325.92866600007306,0,0,0,1,1,1,1]}},{"__type__":"cc.Node","_name":"Background_01","_parent":{"__id__":2},"_components":[{"__type__":"cc.Sprite","node":{"__id__":4},"_materials":[{"__uuid__":"ecpdLyjvZBwrvm+cedCcQy"}],"_spriteFrame":{"__uuid__":"89GwjmLKNIjY2rCNDLGZe/"}}],"_contentSize":{"__type__":"cc.Size","width":1203,"height":493},"_trs":{"__type__":"TypedArray","ctor":"Float64Array","array":[0,0,0,0,0,0,1,3.9,3.9,1]}},{"__type__":"cc.Node","_name":"Background_02","_parent":{"__id__":2},"_components":[{"__type__":"cc.Sprite","node":{"__id__":5},"_materials":[{"__uuid__":"ecpdLyjvZBwrvm+cedCcQy"}],"_spriteFrame":{"__uuid__":"89GwjmLKNIjY2rCNDLGZe/"}}],"_contentSize":{"__type__":"cc.Size","width":1203,"height":493},"_trs":{"__type__":"TypedArray","ctor":"Float64Array","array":[1203,0,0,0,0,0,1,3.9,3.9,1]}},{"__type__":"cc.Node","_name":"MenuPanel","_parent":{"__id__":2},"_children":[{"__id__":7},{"__id__":8},{"__id__":9},{"__id__":10}],"_trs":{"__type__":"TypedArray","ctor":"Float64Array","array":[0,500,0,0,0,0,1,4.5,4.5,1]}},{"__type__":"cc.Node","_name":"Button_More","_parent":{"__id__":6},"_components":[{"__type__":"cc.Sprite","node":{"__id__":7},"_materials":[{"__uuid__":"ecpdLyjvZBwrvm+cedCcQy"}],"_spriteFrame":{"__uuid__":"67JDX6R/hFnrMY5Ef8mAyj"}}],"_contentSize":{"__type__":"cc.Size","width":147,"height":88},"_trs":{"__type__":"TypedArray","ctor":"Float64Array","array":[0,-180,0,0,0,0,1,1,1,1]}},{"__type__":"cc.Node","_name":"Button_Score","_parent":{"__id__":6},"_components":[{"__type__":"cc.Sprite","node":{"__id__":8},"_materials":[{"__uuid__":"ecpdLyjvZBwrvm+cedCcQy"}],"_spriteFrame":{"__uuid__":"e9GIq8W11G57UfBVIyhv/+"}}],"_contentSize":{"__type__":"cc.Size","width":147,"height":90},"_trs":{"__type__":"TypedArray","ctor":"Float64Array","array":[0,-120,0,0,0,0,1,1,1,1]}},{"__type__":"cc.Node","_name":"Button_Start","_parent":{"__id__":6},"_components":[{"__type__":"cc.Sprite","node":{"__id__":9},"_materials":[{"__uuid__":"ecpdLyjvZBwrvm+cedCcQy"}],"_spriteFrame":{"__uuid__":"792KYooupL5qPDDglBGS26"}}],"_contentSize":{"__type__":"cc.Size","width":147,"height":90},"_trs":{"__type__":"TypedArray","ctor":"Float64Array","array":[0,-60,0,0,0,0,1,1,1,1]}},{"__type__":"cc.Node","_name":"Title","_parent":{"__id__":6},"_components":[{"__type__":"cc.Sprite","node":{"__id__":10},"_materials":[{"__uuid__":"ecpdLyjvZBwrvm+cedCcQy"}],"_spriteFrame":{"__uuid__":"b9D16qL2xJZ63boIQ2VcBs"}}],"_contentSize":{"__type__":"cc.Size","width":265,"height":136},"_trs":{"__type__":"TypedArray","ctor":"Float64Array","array":[0,0,0,0,0,0,1,1,1,1]}},{"__type__":"cc.Node","_name":"Label_Loading","_parent":{"__id__":2},"_active":false,"_components":[{"__id__":12}],"_contentSize":{"__type__":"cc.Size","width":175.7,"height":50.4},"_trs":{"__type__":"TypedArray","ctor":"Float64Array","array":[0,0,0,0,0,0,1,4.5,4.5,4.5]}},{"__type__":"cc.Label","node":{"__id__":11},"_materials":[{"__uuid__":"ecpdLyjvZBwrvm+cedCcQy"}],"_useOriginalSize":false,"_string":"Loading...","_N$string":"Loading...","_N$horizontalAlign":1,"_N$verticalAlign":1}],{"__type__":"cc.SpriteFrame","content":{"name":"积分排行","texture":"aeLroqhJZBf6JHz/yBxR79","rect":[0,0,147,90],"offset":[0,0],"originalSize":[147,90],"capInsets":[0,0,0,0]}}]